full_name,ticker,date,open,high,low,close,average_price,volume
Vanguard FTSE All-World UCITS ETF USD Acc,VWRA,2019-07-25,80.365,80.55,79.71,79.87,80.13,0
Vanguard FTSE All-World UCITS ETF USD Acc,VWRA,2019-07-26,79.915,80.145,79.87,80.09,80.0075,0
Vanguard FTSE All-World UCITS ETF USD Acc,VWRA,2019-07-29,80.315,80.375,79.905,79.985,80.14,0
Vanguard FTSE All-World UCITS ETF USD Acc,VWRA,2019-07-30,80.105,80.105,79.475,79.63,79.78999999999999,0
Vanguard FTSE All-World UCITS ETF USD Acc,VWRA,2019-07-31,79.93,79.94,79.655,79.69,79.7975,0
Vanguard FTSE All-World UCITS ETF USD Acc,VWRA,2019-08-01,78.695,79.635,78.695,79.635,79.16499999999999,0
Vanguard FTSE All-World UCITS ETF USD Acc,VWRA,2019-08-02,78.06,78.34,77.205,77.415,77.77250000000001,0
Vanguard FTSE All-World UCITS ETF USD Acc,VWRA,2019-08-05,76.765,77.015,75.735,75.925,76.375,0
Vanguard FTSE All-World UCITS ETF USD Acc,VWRA,2019-08-06,75.935,76.22,75.45,75.8,75.83500000000001,0
Vanguard FTSE All-World UCITS ETF USD Acc,VWRA,2019-08-07,76.35,76.565,75.145,75.64,75.85499999999999,0
Vanguard FTSE All-World UCITS ETF USD Acc,VWRA,2019-08-08,76.77,77.375,76.46,77.0,76.91749999999999,0
Vanguard FTSE All-World UCITS ETF USD Acc,VWRA,2019-08-09,77.475,77.555,76.735,76.8,77.14500000000001,0
Vanguard FTSE All-World UCITS ETF USD Acc,VWRA,2019-08-12,77.26,77.54,76.395,76.43,76.9675,0
Vanguard FTSE All-World UCITS ETF USD Acc,VWRA,2019-08-13,76.29,77.56,75.82,77.08,76.69,0
Vanguard FTSE All-World UCITS ETF USD Acc,VWRA,2019-08-14,77.165,77.165,75.36,75.61,76.2625,0
Vanguard FTSE All-World UCITS ETF USD Acc,VWRA,2019-08-15,75.865,75.89,74.56,75.155,75.225,0
Vanguard FTSE All-World UCITS ETF USD Acc,VWRA,2019-08-16,75.65,76.3,75.59,76.23,75.945,0
Vanguard FTSE All-World UCITS ETF USD Acc,VWRA,2019-08-19,76.93,77.235,76.76,77.115,76.9975,0
Vanguard FTSE All-World UCITS ETF USD Acc,VWRA,2019-08-20,77.08,77.275,76.54,76.81,76.9075,0
Vanguard FTSE All-World UCITS ETF USD Acc,VWRA,2019-08-21,77.205,77.37,76.695,77.24,77.0325,0
Vanguard FTSE All-World UCITS ETF USD Acc,VWRA,2019-08-22,77.135,77.39,76.125,76.125,76.7575,0
Vanguard FTSE All-World UCITS ETF USD Acc,VWRA,2019-08-23,77.235,77.375,76.055,76.1,76.715,0
Vanguard FTSE All-World UCITS ETF USD Acc,VWRA,2019-08-27,76.195,76.65,75.89,76.225,76.27000000000001,0
Vanguard FTSE All-World UCITS ETF USD Acc,VWRA,2019-08-28,76.16,76.39,75.59,76.335,75.99000000000001,0
Vanguard FTSE All-World UCITS ETF USD Acc,VWRA,2019-08-29,76.205,77.21,76.05,77.175,76.63,0
Vanguard FTSE All-World UCITS ETF USD Acc,VWRA,2019-08-30,77.21,77.825,77.04,77.24,77.4325,0
Vanguard FTSE All-World UCITS ETF USD Acc,VWRA,2019-09-02,77.005,77.42,77.005,77.08,77.2125,0
Vanguard FTSE All-World UCITS ETF USD Acc,VWRA,2019-09-03,77.15,77.15,76.525,76.865,76.8375,0
Vanguard FTSE All-World UCITS ETF USD Acc,VWRA,2019-09-04,77.575,77.875,77.475,77.785,77.675,0
Vanguard FTSE All-World UCITS ETF USD Acc,VWRA,2019-09-05,78.35,79.01,78.245,78.82,78.6275,0
Vanguard FTSE All-World UCITS ETF USD Acc,VWRA,2019-09-06,78.92,79.1,78.765,78.975,78.9325,0
Vanguard FTSE All-World UCITS ETF USD Acc,VWRA,2019-09-09,79.1,79.27,78.965,79.07,79.1175,0
Vanguard FTSE All-World UCITS ETF USD Acc,VWRA,2019-09-10,78.865,79.125,78.54,78.67,78.83250000000001,0
Vanguard FTSE All-World UCITS ETF USD Acc,VWRA,2019-09-11,79.22,79.475,79.055,79.38,79.265,0
Vanguard FTSE All-World UCITS ETF USD Acc,VWRA,2019-09-12,79.805,80.145,78.44,79.935,79.29249999999999,0
Vanguard FTSE All-World UCITS ETF USD Acc,VWRA,2019-09-13,80.125,80.335,79.975,80.205,80.155,0
Vanguard FTSE All-World UCITS ETF USD Acc,VWRA,2019-09-16,79.7,79.865,79.555,79.725,79.71000000000001,0
Vanguard FTSE All-World UCITS ETF USD Acc,VWRA,2019-09-17,79.55,79.78,79.39,79.74,79.58500000000001,0
Vanguard FTSE All-World UCITS ETF USD Acc,VWRA,2019-09-18,79.825,79.88,79.575,79.705,79.72749999999999,0
Vanguard FTSE All-World UCITS ETF USD Acc,VWRA,2019-09-19,79.6,80.275,79.365,80.2,79.82,0
Vanguard FTSE All-World UCITS ETF USD Acc,VWRA,2019-09-20,80.12,80.225,79.93,80.045,80.0775,0
Vanguard FTSE All-World UCITS ETF USD Acc,VWRA,2019-09-23,79.815,79.96,79.2,79.58,79.58,0
Vanguard FTSE All-World UCITS ETF USD Acc,VWRA,2019-09-24,79.805,79.985,79.47,79.48,79.72749999999999,0
Vanguard FTSE All-World UCITS ETF USD Acc,VWRA,2019-09-25,79.01,79.055,78.47,78.96,78.7625,0
Vanguard FTSE All-World UCITS ETF USD Acc,VWRA,2019-09-26,79.035,79.565,78.885,79.015,79.225,0
Vanguard FTSE All-World UCITS ETF USD Acc,VWRA,2019-09-27,79.155,79.47,79.04,79.325,79.255,0
Vanguard FTSE All-World UCITS ETF USD Acc,VWRA,2019-09-30,79.03,79.17,78.775,79.095,78.9725,0
Vanguard FTSE All-World UCITS ETF USD Acc,VWRA,2019-10-01,79.34,79.455,78.42,78.62,78.9375,0
Vanguard FTSE All-World UCITS ETF USD Acc,VWRA,2019-10-02,78.235,78.26,76.84,76.84,77.55000000000001,0
Vanguard FTSE All-World UCITS ETF USD Acc,VWRA,2019-10-03,77.16,77.365,76.36,77.115,76.8625,0
Vanguard FTSE All-World UCITS ETF USD Acc,VWRA,2019-10-04,77.37,78.0,77.175,78.0,77.5875,0
Vanguard FTSE All-World UCITS ETF USD Acc,VWRA,2019-10-07,78.255,78.475,77.805,78.41,78.14,0
Vanguard FTSE All-World UCITS ETF USD Acc,VWRA,2019-10-08,78.465,78.55,77.12,77.15,77.83500000000001,0
Vanguard FTSE All-World UCITS ETF USD Acc,VWRA,2019-10-09,77.18,78.005,77.075,77.59,77.53999999999999,0
Vanguard FTSE All-World UCITS ETF USD Acc,VWRA,2019-10-10,77.73,78.52,77.43,78.43,77.975,0
Vanguard FTSE All-World UCITS ETF USD Acc,VWRA,2019-10-11,78.71,79.845,78.61,79.845,79.22749999999999,0
Vanguard FTSE All-World UCITS ETF USD Acc,VWRA,2019-10-14,79.36,79.395,78.805,79.22,79.1,0
Vanguard FTSE All-World UCITS ETF USD Acc,VWRA,2019-10-15,79.595,80.095,79.405,79.975,79.75,0
Vanguard FTSE All-World UCITS ETF USD Acc,VWRA,2019-10-16,79.88,80.13,79.655,79.895,79.8925,0
Vanguard FTSE All-World UCITS ETF USD Acc,VWRA,2019-10-17,79.885,80.57,79.79,80.105,80.18,0
Vanguard FTSE All-World UCITS ETF USD Acc,VWRA,2019-10-18,79.985,80.225,79.81,80.05,80.0175,0
Vanguard FTSE All-World UCITS ETF USD Acc,VWRA,2019-10-21,80.135,80.465,80.035,80.32,80.25,0
Vanguard FTSE All-World UCITS ETF USD Acc,VWRA,2019-10-22,80.485,80.635,80.16,80.545,80.39750000000001,0
Vanguard FTSE All-World UCITS ETF USD Acc,VWRA,2019-10-23,80.09,80.415,79.92,80.33,80.1675,0
Vanguard FTSE All-World UCITS ETF USD Acc,VWRA,2019-10-24,80.565,80.855,80.29,80.655,80.5725,0
Vanguard FTSE All-World UCITS ETF USD Acc,VWRA,2019-10-25,80.63,81.01,80.395,80.935,80.7025,0
Vanguard FTSE All-World UCITS ETF USD Acc,VWRA,2019-10-28,81.085,81.43,80.94,81.3,81.185,0
Vanguard FTSE All-World UCITS ETF USD Acc,VWRA,2019-10-29,81.245,81.465,80.925,81.33,81.195,0
Vanguard FTSE All-World UCITS ETF USD Acc,VWRA,2019-10-30,81.175,81.425,80.735,81.18,81.08,0
Vanguard FTSE All-World UCITS ETF USD Acc,VWRA,2019-10-31,81.625,81.715,80.75,80.75,81.2325,0
Vanguard FTSE All-World UCITS ETF USD Acc,VWRA,2019-11-01,81.455,82.065,81.305,81.86,81.685,0
Vanguard FTSE All-World UCITS ETF USD Acc,VWRA,2019-11-04,82.26,82.78,82.185,82.485,82.4825,0
Vanguard FTSE All-World UCITS ETF USD Acc,VWRA,2019-11-05,82.615,82.775,82.12,82.385,82.4475,0
Vanguard FTSE All-World UCITS ETF USD Acc,VWRA,2019-11-06,82.275,82.62,82.1,82.425,82.36,0
Vanguard FTSE All-World UCITS ETF USD Acc,VWRA,2019-11-07,82.825,83.025,82.63,82.845,82.8275,0
Vanguard FTSE All-World UCITS ETF USD Acc,VWRA,2019-11-08,82.52,82.675,82.2,82.505,82.4375,0
Vanguard FTSE All-World UCITS ETF USD Acc,VWRA,2019-11-11,82.275,82.535,82.115,82.39,82.32499999999999,0
Vanguard FTSE All-World UCITS ETF USD Acc,VWRA,2019-11-12,82.605,82.8,82.37,82.705,82.58500000000001,0
Vanguard FTSE All-World UCITS ETF USD Acc,VWRA,2019-11-13,82.31,82.4,81.83,82.36,82.11500000000001,0
Vanguard FTSE All-World UCITS ETF USD Acc,VWRA,2019-11-14,82.335,82.42,82.125,82.205,82.27250000000001,0
Vanguard FTSE All-World UCITS ETF USD Acc,VWRA,2019-11-15,82.715,83.04,82.385,82.925,82.7125,0
Vanguard FTSE All-World UCITS ETF USD Acc,VWRA,2019-11-18,83.27,83.27,82.82,83.075,83.04499999999999,0
Vanguard FTSE All-World UCITS ETF USD Acc,VWRA,2019-11-19,83.49,83.62,82.87,83.045,83.245,0
Vanguard FTSE All-World UCITS ETF USD Acc,VWRA,2019-11-20,82.81,82.975,82.51,82.855,82.7425,0
Vanguard FTSE All-World UCITS ETF USD Acc,VWRA,2019-11-21,82.805,82.99,82.21,82.455,82.6,0
Vanguard FTSE All-World UCITS ETF USD Acc,VWRA,2019-11-22,82.64,83.01,82.35,82.525,82.68,0
Vanguard FTSE All-World UCITS ETF USD Acc,VWRA,2019-11-25,83.035,83.46,82.925,83.24,83.1925,0
Vanguard FTSE All-World UCITS ETF USD Acc,VWRA,2019-11-26,83.565,83.565,83.115,83.37,83.34,0
Vanguard FTSE All-World UCITS ETF USD Acc,VWRA,2019-11-27,83.82,83.855,83.44,83.59,83.64750000000001,0
Vanguard FTSE All-World UCITS ETF USD Acc,VWRA,2019-11-28,83.73,83.77,83.33,83.595,83.55,0
Vanguard FTSE All-World UCITS ETF USD Acc,VWRA,2019-11-29,83.325,83.6,83.155,83.325,83.3775,0
Vanguard FTSE All-World UCITS ETF USD Acc,VWRA,2019-12-02,83.235,83.705,82.48,82.505,83.0925,0
Vanguard FTSE All-World UCITS ETF USD Acc,VWRA,2019-12-03,82.99,82.99,81.44,81.875,82.215,0
Vanguard FTSE All-World UCITS ETF USD Acc,VWRA,2019-12-04,82.055,82.955,81.93,82.795,82.4425,0
Vanguard FTSE All-World UCITS ETF USD Acc,VWRA,2019-12-05,83.0,83.19,82.575,82.77,82.8825,0
Vanguard FTSE All-World UCITS ETF USD Acc,VWRA,2019-12-06,83.13,83.71,82.98,83.62,83.345,0
Vanguard FTSE All-World UCITS ETF USD Acc,VWRA,2019-12-09,83.68,83.785,83.335,83.6,83.56,0
Vanguard FTSE All-World UCITS ETF USD Acc,VWRA,2019-12-10,83.38,83.595,82.725,83.375,83.16,0
Vanguard FTSE All-World UCITS ETF USD Acc,VWRA,2019-12-11,83.305,83.635,83.09,83.485,83.36250000000001,0
Vanguard FTSE All-World UCITS ETF USD Acc,VWRA,2019-12-12,83.885,84.725,83.625,84.16,84.175,0
Vanguard FTSE All-World UCITS ETF USD Acc,VWRA,2019-12-13,85.01,85.275,83.525,84.0,84.4,0
Vanguard FTSE All-World UCITS ETF USD Acc,VWRA,2019-12-16,84.975,85.52,84.86,85.39,85.19,0
Vanguard FTSE All-World UCITS ETF USD Acc,VWRA,2019-12-17,85.66,85.66,85.225,85.41,85.4425,0
Vanguard FTSE All-World UCITS ETF USD Acc,VWRA,2019-12-18,85.415,85.61,85.255,85.33,85.4325,0
Vanguard FTSE All-World UCITS ETF USD Acc,VWRA,2019-12-19,85.565,85.59,85.16,85.47,85.375,0
Vanguard FTSE All-World UCITS ETF USD Acc,VWRA,2019-12-20,85.695,86.06,85.535,85.94,85.7975,0
Vanguard FTSE All-World UCITS ETF USD Acc,VWRA,2019-12-23,86.1,86.155,85.705,85.755,85.93,0
Vanguard FTSE All-World UCITS ETF USD Acc,VWRA,2019-12-24,86.105,86.105,85.94,86.005,86.02250000000001,0
Vanguard FTSE All-World UCITS ETF USD Acc,VWRA,2019-12-27,86.595,86.77,86.35,86.67,86.56,0
Vanguard FTSE All-World UCITS ETF USD Acc,VWRA,2019-12-30,86.825,86.855,85.96,86.02,86.4075,0
Vanguard FTSE All-World UCITS ETF USD Acc,VWRA,2019-12-31,86.2,86.2,85.9,85.925,86.05000000000001,0
Vanguard FTSE All-World UCITS ETF USD Acc,VWRA,2020-01-02,86.365,87.045,86.365,86.65,86.705,0
Vanguard FTSE All-World UCITS ETF USD Acc,VWRA,2020-01-03,86.165,86.655,85.535,86.445,86.095,0
Vanguard FTSE All-World UCITS ETF USD Acc,VWRA,2020-01-06,86.15,86.39,85.42,86.24,85.905,0
Vanguard FTSE All-World UCITS ETF USD Acc,VWRA,2020-01-07,86.655,86.865,86.03,86.375,86.44749999999999,0
Vanguard FTSE All-World UCITS ETF USD Acc,VWRA,2020-01-08,86.235,86.65,85.845,86.425,86.2475,0
Vanguard FTSE All-World UCITS ETF USD Acc,VWRA,2020-01-09,87.185,87.265,86.78,87.04,87.02250000000001,0
Vanguard FTSE All-World UCITS ETF USD Acc,VWRA,2020-01-10,87.505,87.515,86.975,87.11,87.245,0
Vanguard FTSE All-World UCITS ETF USD Acc,VWRA,2020-01-13,87.425,87.485,87.035,87.31,87.25999999999999,0
Vanguard FTSE All-World UCITS ETF USD Acc,VWRA,2020-01-14,87.455,87.65,87.14,87.465,87.39500000000001,0
Vanguard FTSE All-World UCITS ETF USD Acc,VWRA,2020-01-15,87.655,87.8,87.24,87.655,87.52,0
Vanguard FTSE All-World UCITS ETF USD Acc,VWRA,2020-01-16,87.94,88.035,87.62,87.85,87.8275,0
Vanguard FTSE All-World UCITS ETF USD Acc,VWRA,2020-01-17,88.25,88.525,88.16,88.26,88.3425,0
Vanguard FTSE All-World UCITS ETF USD Acc,VWRA,2020-01-20,88.21,88.41,87.995,88.24,88.2025,0
Vanguard FTSE All-World UCITS ETF USD Acc,VWRA,2020-01-21,87.755,88.215,87.54,88.025,87.8775,0
Vanguard FTSE All-World UCITS ETF USD Acc,VWRA,2020-01-22,88.405,88.465,88.115,88.18,88.28999999999999,0
Vanguard FTSE All-World UCITS ETF USD Acc,VWRA,2020-01-23,87.95,88.03,87.33,87.385,87.68,0
Vanguard FTSE All-World UCITS ETF USD Acc,VWRA,2020-01-24,88.005,88.39,87.59,87.655,87.99000000000001,0
Vanguard FTSE All-World UCITS ETF USD Acc,VWRA,2020-01-27,86.31,86.44,85.305,85.695,85.8725,0
Vanguard FTSE All-World UCITS ETF USD Acc,VWRA,2020-01-28,86.05,86.62,85.6,86.47,86.11,0
Vanguard FTSE All-World UCITS ETF USD Acc,VWRA,2020-01-29,86.655,86.985,86.215,86.645,86.6,0
Vanguard FTSE All-World UCITS ETF USD Acc,VWRA,2020-01-30,85.435,86.095,85.4,85.69,85.7475,0
Vanguard FTSE All-World UCITS ETF USD Acc,VWRA,2020-01-31,86.185,86.385,85.025,85.115,85.70500000000001,0
Vanguard FTSE All-World UCITS ETF USD Acc,VWRA,2020-02-03,85.485,85.975,85.135,85.505,85.555,0
Vanguard FTSE All-World UCITS ETF USD Acc,VWRA,2020-02-04,86.255,87.14,86.13,87.005,86.63499999999999,0
Vanguard FTSE All-World UCITS ETF USD Acc,VWRA,2020-02-05,86.695,87.95,86.605,87.47,87.2775,0
Vanguard FTSE All-World UCITS ETF USD Acc,VWRA,2020-02-06,88.25,88.42,87.69,87.96,88.055,0
Vanguard FTSE All-World UCITS ETF USD Acc,VWRA,2020-02-07,88.005,88.005,87.31,87.575,87.6575,0
Vanguard FTSE All-World UCITS ETF USD Acc,VWRA,2020-02-10,87.185,87.65,87.005,87.515,87.3275,0
Vanguard FTSE All-World UCITS ETF USD Acc,VWRA,2020-02-11,88.08,88.605,87.9,88.29,88.2525,0
Vanguard FTSE All-World UCITS ETF USD Acc,VWRA,2020-02-12,88.38,88.83,88.26,88.665,88.545,0
Vanguard FTSE All-World UCITS ETF USD Acc,VWRA,2020-02-13,88.145,88.675,87.81,88.525,88.2425,0
Vanguard FTSE All-World UCITS ETF USD Acc,VWRA,2020-02-14,88.75,88.79,88.215,88.42,88.5025,0
Vanguard FTSE All-World UCITS ETF USD Acc,VWRA,2020-02-17,88.74,88.74,88.555,88.645,88.64750000000001,0
Vanguard FTSE All-World UCITS ETF USD Acc,VWRA,2020-02-18,87.915,88.265,87.845,87.915,88.055,0
Vanguard FTSE All-World UCITS ETF USD Acc,VWRA,2020-02-19,88.37,88.77,88.215,88.635,88.4925,0
Vanguard FTSE All-World UCITS ETF USD Acc,VWRA,2020-02-20,88.58,88.71,87.125,87.76,87.91749999999999,0
Vanguard FTSE All-World UCITS ETF USD Acc,VWRA,2020-02-21,87.475,87.87,87.095,87.495,87.4825,0
Vanguard FTSE All-World UCITS ETF USD Acc,VWRA,2020-02-24,85.58,85.58,84.2,84.635,84.89,0
Vanguard FTSE All-World UCITS ETF USD Acc,VWRA,2020-02-25,85.18,85.35,83.19,83.495,84.27,0
Vanguard FTSE All-World UCITS ETF USD Acc,VWRA,2020-02-26,82.82,83.59,81.4,83.36,82.495,0
Vanguard FTSE All-World UCITS ETF USD Acc,VWRA,2020-02-27,81.84,82.14,79.48,80.455,80.81,0
Vanguard FTSE All-World UCITS ETF USD Acc,VWRA,2020-02-28,78.34,83.005,76.1,77.515,79.5525,0
Vanguard FTSE All-World UCITS ETF USD Acc,VWRA,2020-03-02,79.63,80.08,77.19,79.48,78.63499999999999,0
Vanguard FTSE All-World UCITS ETF USD Acc,VWRA,2020-03-03,80.73,82.82,79.9,81.26,81.36,0
Vanguard FTSE All-World UCITS ETF USD Acc,VWRA,2020-03-04,80.365,81.95,80.155,80.905,81.05250000000001,0
Vanguard FTSE All-World UCITS ETF USD Acc,VWRA,2020-03-05,81.515,81.605,80.025,80.785,80.815,0
Vanguard FTSE All-World UCITS ETF USD Acc,VWRA,2020-03-06,79.145,102.625,77.375,78.19,90.0,0
Vanguard FTSE All-World UCITS ETF USD Acc,VWRA,2020-03-09,78.125,97.795,72.6,79.925,85.19749999999999,0
Vanguard FTSE All-World UCITS ETF USD Acc,VWRA,2020-03-10,74.46,76.26,72.51,74.425,74.385,0
Vanguard FTSE All-World UCITS ETF USD Acc,VWRA,2020-03-11,74.19,74.665,72.55,72.83,73.6075,0
Vanguard FTSE All-World UCITS ETF USD Acc,VWRA,2020-03-12,69.325,69.615,64.69,67.1,67.1525,0
Vanguard FTSE All-World UCITS ETF USD Acc,VWRA,2020-03-13,67.435,70.08,65.115,66.285,67.5975,0
Vanguard FTSE All-World UCITS ETF USD Acc,VWRA,2020-03-16,65.1,88.13,61.125,64.465,74.6275,0
Vanguard FTSE All-World UCITS ETF USD Acc,VWRA,2020-03-17,65.54,67.065,61.595,64.4,64.33,0
Vanguard FTSE All-World UCITS ETF USD Acc,VWRA,2020-03-18,62.065,63.035,60.77,60.895,61.9025,0
Vanguard FTSE All-World UCITS ETF USD Acc,VWRA,2020-03-19,60.725,85.695,59.955,61.53,72.82499999999999,0
Vanguard FTSE All-World UCITS ETF USD Acc,VWRA,2020-03-20,64.625,66.045,61.615,62.235,63.83,0
Vanguard FTSE All-World UCITS ETF USD Acc,VWRA,2020-03-23,58.615,62.915,58.05,58.885,60.4825,0
Vanguard FTSE All-World UCITS ETF USD Acc,VWRA,2020-03-24,61.515,64.19,60.905,64.175,62.5475,0
Vanguard FTSE All-World UCITS ETF USD Acc,VWRA,2020-03-25,65.385,66.415,63.42,66.05,64.9175,0
Vanguard FTSE All-World UCITS ETF USD Acc,VWRA,2020-03-26,65.685,68.31,64.185,68.29,66.2475,0
Vanguard FTSE All-World UCITS ETF USD Acc,VWRA,2020-03-27,67.6,68.045,66.015,66.77,67.03,0
Vanguard FTSE All-World UCITS ETF USD Acc,VWRA,2020-03-30,66.98,67.875,65.695,67.875,66.785,0
Vanguard FTSE All-World UCITS ETF USD Acc,VWRA,2020-03-31,68.425,68.825,66.96,68.77,67.8925,0
Vanguard FTSE All-World UCITS ETF USD Acc,VWRA,2020-04-01,65.775,66.94,65.115,65.66,66.0275,0
Vanguard FTSE All-World UCITS ETF USD Acc,VWRA,2020-04-02,65.935,66.485,64.185,65.755,65.33500000000001,0
Vanguard FTSE All-World UCITS ETF USD Acc,VWRA,2020-04-03,65.64,66.965,65.005,65.085,65.985,0
Vanguard FTSE All-World UCITS ETF USD Acc,VWRA,2020-04-06,67.365,68.315,67.125,68.04,67.72,0
Vanguard FTSE All-World UCITS ETF USD Acc,VWRA,2020-04-07,69.915,71.535,69.76,70.495,70.64750000000001,0
Vanguard FTSE All-World UCITS ETF USD Acc,VWRA,2020-04-08,69.095,70.425,68.595,70.36,69.50999999999999,0
Vanguard FTSE All-World UCITS ETF USD Acc,VWRA,2020-04-09,71.645,72.435,70.15,71.945,71.2925,0
Vanguard FTSE All-World UCITS ETF USD Acc,VWRA,2020-04-14,72.645,73.435,72.105,72.675,72.77000000000001,0
Vanguard FTSE All-World UCITS ETF USD Acc,VWRA,2020-04-15,72.875,73.035,70.82,71.19,71.9275,0
Vanguard FTSE All-World UCITS ETF USD Acc,VWRA,2020-04-16,72.075,72.7,70.91,72.7,71.805,0
Vanguard FTSE All-World UCITS ETF USD Acc,VWRA,2020-04-17,73.285,73.835,72.575,72.805,73.205,0
Vanguard FTSE All-World UCITS ETF USD Acc,VWRA,2020-04-20,73.325,73.405,72.085,73.25,72.745,0
Vanguard FTSE All-World UCITS ETF USD Acc,VWRA,2020-04-21,72.135,72.325,70.28,72.125,71.30250000000001,0
Vanguard FTSE All-World UCITS ETF USD Acc,VWRA,2020-04-22,70.98,71.94,70.88,71.78,71.41,0
Vanguard FTSE All-World UCITS ETF USD Acc,VWRA,2020-04-23,72.14,73.075,71.595,72.65,72.33500000000001,0
Vanguard FTSE All-World UCITS ETF USD Acc,VWRA,2020-04-24,71.57,72.445,71.205,71.86,71.82499999999999,0
Vanguard FTSE All-World UCITS ETF USD Acc,VWRA,2020-04-27,73.195,73.725,72.975,73.57,73.35,0
Vanguard FTSE All-World UCITS ETF USD Acc,VWRA,2020-04-28,73.545,74.935,73.52,74.35,74.22749999999999,0
Vanguard FTSE All-World UCITS ETF USD Acc,VWRA,2020-04-29,74.745,75.775,74.28,75.54,75.0275,0
Vanguard FTSE All-World UCITS ETF USD Acc,VWRA,2020-04-30,76.15,77.39,74.63,77.255,76.00999999999999,0
Vanguard FTSE All-World UCITS ETF USD Acc,VWRA,2020-05-01,73.22,73.42,72.735,73.15,73.0775,0
Vanguard FTSE All-World UCITS ETF USD Acc,VWRA,2020-05-04,72.65,73.395,71.745,73.25,72.57,0
Vanguard FTSE All-World UCITS ETF USD Acc,VWRA,2020-05-05,73.19,73.98,72.795,73.95,73.3875,0
Vanguard FTSE All-World UCITS ETF USD Acc,VWRA,2020-05-06,73.75,74.24,73.11,73.37,73.675,0
Vanguard FTSE All-World UCITS ETF USD Acc,VWRA,2020-05-07,73.52,74.3,73.36,74.07,73.83,0
Vanguard FTSE All-World UCITS ETF USD Acc,VWRA,2020-05-11,75.5,75.67,74.345,74.91,75.0075,0
Vanguard FTSE All-World UCITS ETF USD Acc,VWRA,2020-05-12,74.6,77.54,74.405,77.455,75.9725,0
Vanguard FTSE All-World UCITS ETF USD Acc,VWRA,2020-05-13,74.11,74.615,73.29,73.37,73.9525,0
Vanguard FTSE All-World UCITS ETF USD Acc,VWRA,2020-05-14,72.54,76.095,71.34,75.735,73.7175,0
Vanguard FTSE All-World UCITS ETF USD Acc,VWRA,2020-05-15,73.395,73.675,72.385,72.755,73.03,0
Vanguard FTSE All-World UCITS ETF USD Acc,VWRA,2020-05-18,73.86,75.925,73.855,75.77,74.89,0
Vanguard FTSE All-World UCITS ETF USD Acc,VWRA,2020-05-19,76.305,76.52,75.3,75.885,75.91,0
Vanguard FTSE All-World UCITS ETF USD Acc,VWRA,2020-05-20,75.44,76.86,75.28,76.665,76.07,0
Vanguard FTSE All-World UCITS ETF USD Acc,VWRA,2020-05-21,75.82,76.53,75.42,76.115,75.975,0
Vanguard FTSE All-World UCITS ETF USD Acc,VWRA,2020-05-22,74.66,75.67,74.535,75.295,75.10249999999999,0
Vanguard FTSE All-World UCITS ETF USD Acc,VWRA,2020-05-26,77.31,77.745,77.175,77.36,77.46000000000001,0
Vanguard FTSE All-World UCITS ETF USD Acc,VWRA,2020-05-27,77.63,78.245,76.545,77.105,77.39500000000001,0
Vanguard FTSE All-World UCITS ETF USD Acc,VWRA,2020-05-28,78.315,78.805,77.845,78.54,78.325,0
Vanguard FTSE All-World UCITS ETF USD Acc,VWRA,2020-05-29,78.0,78.415,77.52,77.815,77.9675,0
Vanguard FTSE All-World UCITS ETF USD Acc,VWRA,2020-06-01,79.02,79.28,78.26,78.89,78.77000000000001,0
Vanguard FTSE All-World UCITS ETF USD Acc,VWRA,2020-06-02,79.255,80.065,79.015,79.74,79.53999999999999,0
Vanguard FTSE All-World UCITS ETF USD Acc,VWRA,2020-06-03,80.38,81.635,80.325,81.345,80.98,0
Vanguard FTSE All-World UCITS ETF USD Acc,VWRA,2020-06-04,80.975,81.565,80.61,81.23,81.0875,0
Vanguard FTSE All-World UCITS ETF USD Acc,VWRA,2020-06-05,81.925,83.945,81.695,83.815,82.82,0
Vanguard FTSE All-World UCITS ETF USD Acc,VWRA,2020-06-08,82.885,83.46,82.75,83.375,83.10499999999999,0
Vanguard FTSE All-World UCITS ETF USD Acc,VWRA,2020-06-09,83.665,83.89,82.69,83.32,83.28999999999999,0
Vanguard FTSE All-World UCITS ETF USD Acc,VWRA,2020-06-10,83.76,83.895,82.74,82.915,83.3175,0
Vanguard FTSE All-World UCITS ETF USD Acc,VWRA,2020-06-11,81.61,82.8,80.145,82.8,81.4725,0
Vanguard FTSE All-World UCITS ETF USD Acc,VWRA,2020-06-12,79.025,82.25,78.605,82.25,80.42750000000001,0
Vanguard FTSE All-World UCITS ETF USD Acc,VWRA,2020-06-15,77.285,82.125,77.02,82.0,79.57249999999999,0
Vanguard FTSE All-World UCITS ETF USD Acc,VWRA,2020-06-16,80.81,82.75,80.26,81.28,81.505,0
Vanguard FTSE All-World UCITS ETF USD Acc,VWRA,2020-06-17,81.31,82.165,81.16,81.42,81.6625,0
Vanguard FTSE All-World UCITS ETF USD Acc,VWRA,2020-06-18,81.475,81.795,80.5,81.18,81.14750000000001,0
Vanguard FTSE All-World UCITS ETF USD Acc,VWRA,2020-06-19,81.76,82.24,81.45,81.6,81.845,0
Vanguard FTSE All-World UCITS ETF USD Acc,VWRA,2020-06-22,80.555,81.41,80.385,81.19,80.89750000000001,0
Vanguard FTSE All-World UCITS ETF USD Acc,VWRA,2020-06-23,81.7,82.695,81.69,82.415,82.1925,0
Vanguard FTSE All-World UCITS ETF USD Acc,VWRA,2020-06-24,81.98,82.065,79.915,80.575,80.99000000000001,0
Vanguard FTSE All-World UCITS ETF USD Acc,VWRA,2020-06-25,79.665,81.325,79.03,81.325,80.17750000000001,0
Vanguard FTSE All-World UCITS ETF USD Acc,VWRA,2020-06-26,80.63,81.1,79.2,81.1,80.15,0
Vanguard FTSE All-World UCITS ETF USD Acc,VWRA,2020-06-29,79.51,81.25,79.495,81.25,80.3725,0
Vanguard FTSE All-World UCITS ETF USD Acc,VWRA,2020-06-30,80.045,80.7,79.69,80.49,80.195,0
Vanguard FTSE All-World UCITS ETF USD Acc,VWRA,2020-07-01,80.675,82.0,80.05,80.915,81.025,0
Vanguard FTSE All-World UCITS ETF USD Acc,VWRA,2020-07-02,81.66,82.79,81.505,82.175,82.14750000000001,0
Vanguard FTSE All-World UCITS ETF USD Acc,VWRA,2020-07-03,82.26,82.51,81.5,81.785,82.005,0
Vanguard FTSE All-World UCITS ETF USD Acc,VWRA,2020-07-06,83.335,83.57,83.04,83.54,83.305,0
Vanguard FTSE All-World UCITS ETF USD Acc,VWRA,2020-07-07,83.095,83.395,82.535,83.255,82.965,0
Vanguard FTSE All-World UCITS ETF USD Acc,VWRA,2020-07-08,82.66,83.31,82.39,82.71,82.85,0
Vanguard FTSE All-World UCITS ETF USD Acc,VWRA,2020-07-09,83.425,83.71,82.03,82.305,82.87,0
Vanguard FTSE All-World UCITS ETF USD Acc,VWRA,2020-07-10,82.16,83.235,82.065,82.975,82.65,0
Vanguard FTSE All-World UCITS ETF USD Acc,VWRA,2020-07-13,84.175,84.68,83.585,84.28,84.1325,0
Vanguard FTSE All-World UCITS ETF USD Acc,VWRA,2020-07-14,83.13,83.46,82.28,83.245,82.87,0
Vanguard FTSE All-World UCITS ETF USD Acc,VWRA,2020-07-15,84.245,84.96,83.99,84.545,84.475,0
Vanguard FTSE All-World UCITS ETF USD Acc,VWRA,2020-07-16,83.95,84.22,83.4,84.1,83.81,0
Vanguard FTSE All-World UCITS ETF USD Acc,VWRA,2020-07-17,84.22,84.56,83.855,84.295,84.20750000000001,0
Vanguard FTSE All-World UCITS ETF USD Acc,VWRA,2020-07-20,84.1,84.845,83.765,84.805,84.305,0
Vanguard FTSE All-World UCITS ETF USD Acc,VWRA,2020-07-21,85.805,86.24,85.45,85.795,85.845,0
Vanguard FTSE All-World UCITS ETF USD Acc,VWRA,2020-07-22,85.605,85.79,84.725,85.475,85.2575,0
Vanguard FTSE All-World UCITS ETF USD Acc,VWRA,2020-07-23,86.055,86.2,85.37,85.73,85.785,0
Vanguard FTSE All-World UCITS ETF USD Acc,VWRA,2020-07-24,84.13,84.705,83.955,84.375,84.33,0
Vanguard FTSE All-World UCITS ETF USD Acc,VWRA,2020-07-27,84.73,85.35,84.465,84.82,84.9075,0
Vanguard FTSE All-World UCITS ETF USD Acc,VWRA,2020-07-28,85.15,85.54,84.715,85.475,85.1275,0
Vanguard FTSE All-World UCITS ETF USD Acc,VWRA,2020-07-29,84.905,85.565,84.85,85.335,85.2075,0
Vanguard FTSE All-World UCITS ETF USD Acc,VWRA,2020-07-30,85.245,85.32,83.875,84.555,84.5975,0
Vanguard FTSE All-World UCITS ETF USD Acc,VWRA,2020-07-31,85.21,85.485,84.265,85.28,84.875,0
Vanguard FTSE All-World UCITS ETF USD Acc,VWRA,2020-08-03,84.85,85.855,84.595,85.7,85.225,0
Vanguard FTSE All-World UCITS ETF USD Acc,VWRA,2020-08-04,85.925,86.275,85.37,85.915,85.8225,0
Vanguard FTSE All-World UCITS ETF USD Acc,VWRA,2020-08-05,86.535,87.2,86.4,87.2,86.80000000000001,0
Vanguard FTSE All-World UCITS ETF USD Acc,VWRA,2020-08-06,86.75,88.68,86.135,86.455,87.4075,0
Vanguard FTSE All-World UCITS ETF USD Acc,VWRA,2020-08-07,86.56,86.995,86.245,86.67,86.62,0
Vanguard FTSE All-World UCITS ETF USD Acc,VWRA,2020-08-10,86.835,86.995,86.355,86.695,86.67500000000001,0
Vanguard FTSE All-World UCITS ETF USD Acc,VWRA,2020-08-11,87.18,88.07,87.15,87.625,87.61,0
Vanguard FTSE All-World UCITS ETF USD Acc,VWRA,2020-08-12,87.155,88.17,87.115,88.07,87.6425,0
Vanguard FTSE All-World UCITS ETF USD Acc,VWRA,2020-08-13,88.18,88.205,87.825,88.125,88.015,0
Vanguard FTSE All-World UCITS ETF USD Acc,VWRA,2020-08-14,87.975,87.98,87.215,87.765,87.5975,0
Vanguard FTSE All-World UCITS ETF USD Acc,VWRA,2020-08-17,87.93,88.225,87.625,88.135,87.925,0
Vanguard FTSE All-World UCITS ETF USD Acc,VWRA,2020-08-18,88.095,88.695,87.895,88.245,88.29499999999999,0
Vanguard FTSE All-World UCITS ETF USD Acc,VWRA,2020-08-19,88.34,88.72,88.22,88.45,88.47,0
Vanguard FTSE All-World UCITS ETF USD Acc,VWRA,2020-08-20,87.295,87.735,87.04,87.6,87.3875,0
Vanguard FTSE All-World UCITS ETF USD Acc,VWRA,2020-08-21,88.33,88.33,87.115,87.745,87.7225,0
Vanguard FTSE All-World UCITS ETF USD Acc,VWRA,2020-08-24,88.525,89.18,88.295,88.745,88.73750000000001,0
Vanguard FTSE All-World UCITS ETF USD Acc,VWRA,2020-08-25,89.33,89.705,88.89,89.085,89.2975,0
Vanguard FTSE All-World UCITS ETF USD Acc,VWRA,2020-08-26,89.295,89.815,89.075,89.755,89.445,0
Vanguard FTSE All-World UCITS ETF USD Acc,VWRA,2020-08-27,90.01,90.535,89.72,90.0,90.1275,0
Vanguard FTSE All-World UCITS ETF USD Acc,VWRA,2020-08-28,90.475,90.66,89.94,90.505,90.3,0
Vanguard FTSE All-World UCITS ETF USD Acc,VWRA,2020-09-01,90.575,90.905,90.03,90.345,90.4675,0
Vanguard FTSE All-World UCITS ETF USD Acc,VWRA,2020-09-02,91.0,91.645,90.68,91.25,91.1625,0
Vanguard FTSE All-World UCITS ETF USD Acc,VWRA,2020-09-03,91.525,91.85,88.68,89.245,90.265,0
Vanguard FTSE All-World UCITS ETF USD Acc,VWRA,2020-09-04,88.55,89.78,86.74,87.33,88.25999999999999,0
Vanguard FTSE All-World UCITS ETF USD Acc,VWRA,2020-09-07,88.06,89.015,87.91,88.725,88.4625,0
Vanguard FTSE All-World UCITS ETF USD Acc,VWRA,2020-09-08,88.87,89.1,86.565,87.895,87.8325,0
Vanguard FTSE All-World UCITS ETF USD Acc,VWRA,2020-09-09,86.835,88.27,86.645,88.14,87.4575,0
Vanguard FTSE All-World UCITS ETF USD Acc,VWRA,2020-09-10,88.475,89.0,87.68,88.225,88.34,0
Vanguard FTSE All-World UCITS ETF USD Acc,VWRA,2020-09-11,87.68,88.07,87.16,87.6,87.615,0
Vanguard FTSE All-World UCITS ETF USD Acc,VWRA,2020-09-14,88.405,88.63,87.84,88.56,88.235,0
Vanguard FTSE All-World UCITS ETF USD Acc,VWRA,2020-09-15,88.625,89.535,88.53,89.105,89.0325,0
Vanguard FTSE All-World UCITS ETF USD Acc,VWRA,2020-09-16,89.025,89.585,88.945,89.36,89.26499999999999,0
Vanguard FTSE All-World UCITS ETF USD Acc,VWRA,2020-09-17,87.385,88.825,87.305,88.14,88.065,0
Vanguard FTSE All-World UCITS ETF USD Acc,VWRA,2020-09-18,88.26,88.63,87.635,87.66,88.1325,0
Vanguard FTSE All-World UCITS ETF USD Acc,VWRA,2020-09-21,87.195,87.385,84.775,85.15,86.08000000000001,0
Vanguard FTSE All-World UCITS ETF USD Acc,VWRA,2020-09-22,85.77,86.345,85.365,85.945,85.85499999999999,0
Vanguard FTSE All-World UCITS ETF USD Acc,VWRA,2020-09-23,86.51,87.5,86.015,87.5,86.7575,0
Vanguard FTSE All-World UCITS ETF USD Acc,VWRA,2020-09-24,84.715,85.1,84.125,84.975,84.6125,0
Vanguard FTSE All-World UCITS ETF USD Acc,VWRA,2020-09-25,85.175,85.275,84.075,85.115,84.67500000000001,0
Vanguard FTSE All-World UCITS ETF USD Acc,VWRA,2020-09-28,86.405,87.495,86.225,87.065,86.86,0
Vanguard FTSE All-World UCITS ETF USD Acc,VWRA,2020-09-29,87.46,87.46,86.75,86.965,87.10499999999999,0
Vanguard FTSE All-World UCITS ETF USD Acc,VWRA,2020-09-30,86.385,87.83,86.22,87.765,87.025,0
Vanguard FTSE All-World UCITS ETF USD Acc,VWRA,2020-10-01,88.0,88.29,87.45,87.935,87.87,0
Vanguard FTSE All-World UCITS ETF USD Acc,VWRA,2020-10-02,86.735,87.635,86.42,87.56,87.0275,0
Vanguard FTSE All-World UCITS ETF USD Acc,VWRA,2020-10-05,87.695,88.635,87.555,88.43,88.095,0
Vanguard FTSE All-World UCITS ETF USD Acc,VWRA,2020-10-06,88.585,88.885,88.09,88.675,88.48750000000001,0
Vanguard FTSE All-World UCITS ETF USD Acc,VWRA,2020-10-07,88.275,88.86,88.175,88.695,88.5175,0
Vanguard FTSE All-World UCITS ETF USD Acc,VWRA,2020-10-08,89.45,89.87,89.07,89.87,89.47,0
Vanguard FTSE All-World UCITS ETF USD Acc,VWRA,2020-10-09,89.73,90.395,89.69,90.215,90.04249999999999,0
Vanguard FTSE All-World UCITS ETF USD Acc,VWRA,2020-10-12,90.6,91.395,90.525,91.275,90.96000000000001,0
Vanguard FTSE All-World UCITS ETF USD Acc,VWRA,2020-10-13,91.195,91.49,90.77,90.99,91.13,0
Vanguard FTSE All-World UCITS ETF USD Acc,VWRA,2020-10-14,91.035,91.28,90.66,90.835,90.97,0
Vanguard FTSE All-World UCITS ETF USD Acc,VWRA,2020-10-15,89.8,89.99,88.875,89.42,89.4325,0
Vanguard FTSE All-World UCITS ETF USD Acc,VWRA,2020-10-16,89.765,90.71,89.72,90.24,90.215,0
Vanguard FTSE All-World UCITS ETF USD Acc,VWRA,2020-10-19,90.54,90.705,89.735,90.15,90.22,0
Vanguard FTSE All-World UCITS ETF USD Acc,VWRA,2020-10-20,89.445,90.115,89.315,89.525,89.715,0
Vanguard FTSE All-World UCITS ETF USD Acc,VWRA,2020-10-21,90.025,90.215,89.16,89.525,89.6875,0
Vanguard FTSE All-World UCITS ETF USD Acc,VWRA,2020-10-22,89.06,89.905,88.75,89.245,89.3275,0
Vanguard FTSE All-World UCITS ETF USD Acc,VWRA,2020-10-23,89.68,90.15,89.5,89.635,89.825,0
Vanguard FTSE All-World UCITS ETF USD Acc,VWRA,2020-10-26,88.9,89.365,88.1,89.365,88.73249999999999,0
Vanguard FTSE All-World UCITS ETF USD Acc,VWRA,2020-10-27,88.605,88.845,88.14,88.25,88.4925,0
Vanguard FTSE All-World UCITS ETF USD Acc,VWRA,2020-10-28,87.475,87.625,85.5,87.625,86.5625,0
Vanguard FTSE All-World UCITS ETF USD Acc,VWRA,2020-10-29,86.005,86.36,85.085,85.795,85.7225,0
Vanguard FTSE All-World UCITS ETF USD Acc,VWRA,2020-10-30,84.615,87.23,84.5,87.23,85.86500000000001,0
Vanguard FTSE All-World UCITS ETF USD Acc,VWRA,2020-11-02,85.455,86.7,85.245,86.14,85.9725,0
Vanguard FTSE All-World UCITS ETF USD Acc,VWRA,2020-11-03,86.575,88.265,86.575,88.115,87.42,0
Vanguard FTSE All-World UCITS ETF USD Acc,VWRA,2020-11-04,87.05,90.095,86.88,90.025,88.4875,0
Vanguard FTSE All-World UCITS ETF USD Acc,VWRA,2020-11-05,90.435,91.725,90.435,91.46,91.08,0
Vanguard FTSE All-World UCITS ETF USD Acc,VWRA,2020-11-06,91.16,91.88,90.43,91.505,91.155,0
Vanguard FTSE All-World UCITS ETF USD Acc,VWRA,2020-11-09,92.765,97.485,92.62,94.2,95.05250000000001,0
Vanguard FTSE All-World UCITS ETF USD Acc,VWRA,2020-11-10,92.86,93.29,92.215,92.65,92.7525,0
Vanguard FTSE All-World UCITS ETF USD Acc,VWRA,2020-11-11,93.22,93.725,92.945,93.53,93.335,0
Vanguard FTSE All-World UCITS ETF USD Acc,VWRA,2020-11-12,92.94,93.59,92.88,93.425,93.235,0
Vanguard FTSE All-World UCITS ETF USD Acc,VWRA,2020-11-13,92.875,93.545,92.875,93.255,93.21000000000001,0
Vanguard FTSE All-World UCITS ETF USD Acc,VWRA,2020-11-16,94.585,95.215,94.165,95.0,94.69,0
Vanguard FTSE All-World UCITS ETF USD Acc,VWRA,2020-11-17,94.66,95.075,94.17,94.69,94.6225,0
Vanguard FTSE All-World UCITS ETF USD Acc,VWRA,2020-11-18,94.46,95.24,94.46,95.005,94.85,0
Vanguard FTSE All-World UCITS ETF USD Acc,VWRA,2020-11-19,94.015,94.25,93.445,94.01,93.8475,0
Vanguard FTSE All-World UCITS ETF USD Acc,VWRA,2020-11-20,94.12,94.655,94.1,94.495,94.3775,0
Vanguard FTSE All-World UCITS ETF USD Acc,VWRA,2020-11-23,94.735,95.145,94.205,94.255,94.675,0
Vanguard FTSE All-World UCITS ETF USD Acc,VWRA,2020-11-24,95.425,95.99,95.22,95.99,95.60499999999999,0
Vanguard FTSE All-World UCITS ETF USD Acc,VWRA,2020-11-25,96.165,96.275,95.56,95.86,95.9175,0
Vanguard FTSE All-World UCITS ETF USD Acc,VWRA,2020-11-26,96.45,96.45,95.945,96.005,96.19749999999999,0
Vanguard FTSE All-World UCITS ETF USD Acc,VWRA,2020-11-27,96.135,96.965,96.135,96.965,96.55000000000001,0
Vanguard FTSE All-World UCITS ETF USD Acc,VWRA,2020-11-30,95.66,96.26,95.1,95.24,95.68,0
Vanguard FTSE All-World UCITS ETF USD Acc,VWRA,2020-12-01,96.275,96.94,96.2,96.9,96.57,0
Vanguard FTSE All-World UCITS ETF USD Acc,VWRA,2020-12-02,96.565,96.88,96.34,96.83,96.61,0
Vanguard FTSE All-World UCITS ETF USD Acc,VWRA,2020-12-03,97.09,97.555,96.855,97.48,97.20500000000001,0
Vanguard FTSE All-World UCITS ETF USD Acc,VWRA,2020-12-04,97.465,97.96,97.395,97.905,97.6775,0
Vanguard FTSE All-World UCITS ETF USD Acc,VWRA,2020-12-07,97.78,97.975,97.135,97.88,97.555,0
Vanguard FTSE All-World UCITS ETF USD Acc,VWRA,2020-12-08,97.565,97.995,97.16,97.88,97.5775,0
Vanguard FTSE All-World UCITS ETF USD Acc,VWRA,2020-12-09,98.325,98.585,97.765,97.83,98.175,0
Vanguard FTSE All-World UCITS ETF USD Acc,VWRA,2020-12-10,97.635,97.8,96.87,97.65,97.33500000000001,0
Vanguard FTSE All-World UCITS ETF USD Acc,VWRA,2020-12-11,97.56,97.61,96.565,97.055,97.0875,0
Vanguard FTSE All-World UCITS ETF USD Acc,VWRA,2020-12-14,97.905,98.18,97.555,97.64,97.8675,0
Vanguard FTSE All-World UCITS ETF USD Acc,VWRA,2020-12-15,97.24,97.97,97.235,97.97,97.60249999999999,0
Vanguard FTSE All-World UCITS ETF USD Acc,VWRA,2020-12-16,98.28,98.715,98.23,98.49,98.4725,0
Vanguard FTSE All-World UCITS ETF USD Acc,VWRA,2020-12-17,99.18,99.335,98.945,99.105,99.13999999999999,0
Vanguard FTSE All-World UCITS ETF USD Acc,VWRA,2020-12-18,98.945,99.435,98.62,99.165,99.0275,0
Vanguard FTSE All-World UCITS ETF USD Acc,VWRA,2020-12-21,98.075,98.375,95.955,97.65,97.16499999999999,0
Vanguard FTSE All-World UCITS ETF USD Acc,VWRA,2020-12-22,97.665,98.395,97.665,98.335,98.03,0
Vanguard FTSE All-World UCITS ETF USD Acc,VWRA,2020-12-23,98.275,98.74,98.175,98.685,98.4575,0
Vanguard FTSE All-World UCITS ETF USD Acc,VWRA,2020-12-24,98.645,98.835,98.645,98.765,98.74,0
Vanguard FTSE All-World UCITS ETF USD Acc,VWRA,2020-12-29,99.895,100.28,99.52,99.78,99.9,0
Vanguard FTSE All-World UCITS ETF USD Acc,VWRA,2020-12-30,99.945,100.39,99.945,100.03,100.16749999999999,0
Vanguard FTSE All-World UCITS ETF USD Acc,VWRA,2020-12-31,99.79,99.99,99.65,99.85,99.82,0
Vanguard FTSE All-World UCITS ETF USD Acc,VWRA,2021-01-04,100.71,101.37,99.24,99.76,100.305,0
Vanguard FTSE All-World UCITS ETF USD Acc,VWRA,2021-01-05,99.55,100.19,99.165,99.825,99.67750000000001,0
Vanguard FTSE All-World UCITS ETF USD Acc,VWRA,2021-01-06,100.25,101.35,99.62,101.25,100.485,0
Vanguard FTSE All-World UCITS ETF USD Acc,VWRA,2021-01-07,101.44,103.24,100.75,101.76,101.995,0
Vanguard FTSE All-World UCITS ETF USD Acc,VWRA,2021-01-08,102.53,102.73,102.13,102.68,102.43,0
Vanguard FTSE All-World UCITS ETF USD Acc,VWRA,2021-01-11,102.1,102.37,101.48,102.11,101.92500000000001,0
Vanguard FTSE All-World UCITS ETF USD Acc,VWRA,2021-01-12,102.21,102.37,101.71,102.15,102.03999999999999,0
Vanguard FTSE All-World UCITS ETF USD Acc,VWRA,2021-01-13,102.45,102.46,101.9,102.31,102.18,0
Vanguard FTSE All-World UCITS ETF USD Acc,VWRA,2021-01-14,102.55,102.94,102.42,102.9,102.68,0
Vanguard FTSE All-World UCITS ETF USD Acc,VWRA,2021-01-15,102.06,102.34,100.94,101.66,101.64,0
Vanguard FTSE All-World UCITS ETF USD Acc,VWRA,2021-01-18,101.12,101.71,101.12,101.66,101.41499999999999,0
Vanguard FTSE All-World UCITS ETF USD Acc,VWRA,2021-01-19,102.44,102.54,101.98,102.19,102.26,0
Vanguard FTSE All-World UCITS ETF USD Acc,VWRA,2021-01-20,102.73,103.44,102.6,103.26,103.02,0
Vanguard FTSE All-World UCITS ETF USD Acc,VWRA,2021-01-21,103.74,104.11,103.48,104.11,103.795,0
Vanguard FTSE All-World UCITS ETF USD Acc,VWRA,2021-01-22,103.07,103.35,102.65,103.06,103.0,0
Vanguard FTSE All-World UCITS ETF USD Acc,VWRA,2021-01-25,103.83,103.87,102.1,102.69,102.985,0
Vanguard FTSE All-World UCITS ETF USD Acc,VWRA,2021-01-26,102.67,103.63,102.62,103.35,103.125,0
Vanguard FTSE All-World UCITS ETF USD Acc,VWRA,2021-01-27,102.97,103.19,100.78,102.2,101.985,0
Vanguard FTSE All-World UCITS ETF USD Acc,VWRA,2021-01-28,100.14,102.02,99.43,101.84,100.725,0
Vanguard FTSE All-World UCITS ETF USD Acc,VWRA,2021-01-29,99.94,100.85,99.64,100.4,100.245,0
Vanguard FTSE All-World UCITS ETF USD Acc,VWRA,2021-02-01,100.6,100.87,100.13,100.79,100.5,0
Vanguard FTSE All-World UCITS ETF USD Acc,VWRA,2021-02-02,101.61,103.74,101.57,103.71,102.655,0
Vanguard FTSE All-World UCITS ETF USD Acc,VWRA,2021-02-03,103.26,103.26,102.29,102.58,102.775,0
Vanguard FTSE All-World UCITS ETF USD Acc,VWRA,2021-02-04,102.82,103.16,102.53,103.03,102.845,0
Vanguard FTSE All-World UCITS ETF USD Acc,VWRA,2021-02-05,103.53,103.94,103.42,103.86,103.68,0
Vanguard FTSE All-World UCITS ETF USD Acc,VWRA,2021-02-08,104.25,104.65,104.04,104.65,104.345,0
Vanguard FTSE All-World UCITS ETF USD Acc,VWRA,2021-02-09,104.73,104.85,104.45,104.74,104.65,0
Vanguard FTSE All-World UCITS ETF USD Acc,VWRA,2021-02-10,105.35,105.6,104.33,104.86,104.965,0
Vanguard FTSE All-World UCITS ETF USD Acc,VWRA,2021-02-11,105.25,105.47,105.04,105.41,105.255,0
Vanguard FTSE All-World UCITS ETF USD Acc,VWRA,2021-02-12,105.05,105.65,104.78,105.62,105.215,0
Vanguard FTSE All-World UCITS ETF USD Acc,VWRA,2021-02-15,106.4,106.77,106.19,106.77,106.47999999999999,0
Vanguard FTSE All-World UCITS ETF USD Acc,VWRA,2021-02-16,106.71,107.33,106.02,107.27,106.675,0
Vanguard FTSE All-World UCITS ETF USD Acc,VWRA,2021-02-17,105.86,106.12,105.16,105.55,105.64,0
Vanguard FTSE All-World UCITS ETF USD Acc,VWRA,2021-02-18,105.29,105.64,104.35,104.77,104.995,0
Vanguard FTSE All-World UCITS ETF USD Acc,VWRA,2021-02-19,105.12,105.89,105.07,105.86,105.47999999999999,0
Vanguard FTSE All-World UCITS ETF USD Acc,VWRA,2021-02-22,104.45,104.78,103.97,104.7,104.375,0
Vanguard FTSE All-World UCITS ETF USD Acc,VWRA,2021-02-23,104.86,104.95,102.56,103.98,103.755,0
Vanguard FTSE All-World UCITS ETF USD Acc,VWRA,2021-02-24,103.87,104.62,103.57,104.62,104.095,0
Vanguard FTSE All-World UCITS ETF USD Acc,VWRA,2021-02-25,105.29,105.32,104.2,104.42,104.75999999999999,0
Vanguard FTSE All-World UCITS ETF USD Acc,VWRA,2021-02-26,102.03,103.16,101.29,102.28,102.225,0
Vanguard FTSE All-World UCITS ETF USD Acc,VWRA,2021-03-01,103.08,104.31,102.88,104.3,103.595,0
Vanguard FTSE All-World UCITS ETF USD Acc,VWRA,2021-03-02,103.37,104.25,103.12,104.02,103.685,0
Vanguard FTSE All-World UCITS ETF USD Acc,VWRA,2021-03-03,104.31,104.47,102.72,103.54,103.595,0
Vanguard FTSE All-World UCITS ETF USD Acc,VWRA,2021-03-04,102.35,102.93,101.68,102.53,102.305,0
Vanguard FTSE All-World UCITS ETF USD Acc,VWRA,2021-03-05,100.94,102.29,100.12,100.32,101.20500000000001,0
Vanguard FTSE All-World UCITS ETF USD Acc,VWRA,2021-03-08,101.54,102.93,101.06,102.76,101.995,0
Vanguard FTSE All-World UCITS ETF USD Acc,VWRA,2021-03-09,102.19,103.74,102.13,103.74,102.935,0
Vanguard FTSE All-World UCITS ETF USD Acc,VWRA,2021-03-10,102.93,103.97,102.77,103.76,103.37,0
Vanguard FTSE All-World UCITS ETF USD Acc,VWRA,2021-03-11,104.72,105.17,104.28,105.14,104.725,0
Vanguard FTSE All-World UCITS ETF USD Acc,VWRA,2021-03-12,104.48,104.66,103.92,104.43,104.28999999999999,0
Vanguard FTSE All-World UCITS ETF USD Acc,VWRA,2021-03-15,104.73,105.19,104.27,104.89,104.72999999999999,0
Vanguard FTSE All-World UCITS ETF USD Acc,VWRA,2021-03-16,105.21,105.7,105.19,105.41,105.445,0
Vanguard FTSE All-World UCITS ETF USD Acc,VWRA,2021-03-17,105.58,105.58,104.56,105.05,105.07,0
Vanguard FTSE All-World UCITS ETF USD Acc,VWRA,2021-03-18,105.71,105.78,104.87,105.41,105.325,0
Vanguard FTSE All-World UCITS ETF USD Acc,VWRA,2021-03-19,104.63,104.87,103.6,104.77,104.235,0
Vanguard FTSE All-World UCITS ETF USD Acc,VWRA,2021-03-22,103.92,105.0,103.87,104.94,104.435,0
Vanguard FTSE All-World UCITS ETF USD Acc,VWRA,2021-03-23,104.42,104.72,104.01,104.69,104.36500000000001,0
Vanguard FTSE All-World UCITS ETF USD Acc,VWRA,2021-03-24,103.37,104.08,103.24,103.92,103.66,0
Vanguard FTSE All-World UCITS ETF USD Acc,VWRA,2021-03-25,103.05,103.42,102.12,103.2,102.77000000000001,0
Vanguard FTSE All-World UCITS ETF USD Acc,VWRA,2021-03-26,103.89,104.23,103.58,104.19,103.905,0
Vanguard FTSE All-World UCITS ETF USD Acc,VWRA,2021-03-29,104.34,104.72,104.1,104.4,104.41,0
Vanguard FTSE All-World UCITS ETF USD Acc,VWRA,2021-03-30,104.67,104.78,104.16,104.75,104.47,0
Vanguard FTSE All-World UCITS ETF USD Acc,VWRA,2021-03-31,104.41,105.02,104.34,104.95,104.68,0
Vanguard FTSE All-World UCITS ETF USD Acc,VWRA,2021-04-01,105.29,105.88,105.05,105.86,105.465,0
Vanguard FTSE All-World UCITS ETF USD Acc,VWRA,2021-04-06,107.21,107.44,106.53,107.32,106.985,0
Vanguard FTSE All-World UCITS ETF USD Acc,VWRA,2021-04-07,107.15,107.27,106.77,107.13,107.02,0
Vanguard FTSE All-World UCITS ETF USD Acc,VWRA,2021-04-08,107.59,107.69,107.42,107.63,107.555,0
Vanguard FTSE All-World UCITS ETF USD Acc,VWRA,2021-04-09,107.67,107.8,107.35,107.67,107.57499999999999,0
Vanguard FTSE All-World UCITS ETF USD Acc,VWRA,2021-04-12,107.72,107.94,107.61,107.78,107.775,0
Vanguard FTSE All-World UCITS ETF USD Acc,VWRA,2021-04-13,107.83,108.19,107.44,108.15,107.815,0
Vanguard FTSE All-World UCITS ETF USD Acc,VWRA,2021-04-14,108.52,108.81,108.46,108.64,108.63499999999999,0
Vanguard FTSE All-World UCITS ETF USD Acc,VWRA,2021-04-15,108.61,109.42,108.56,109.06,108.99000000000001,0
Vanguard FTSE All-World UCITS ETF USD Acc,VWRA,2021-04-16,109.13,109.84,109.13,109.75,109.485,0
Vanguard FTSE All-World UCITS ETF USD Acc,VWRA,2021-04-19,109.57,109.85,109.13,109.58,109.49,0
Vanguard FTSE All-World UCITS ETF USD Acc,VWRA,2021-04-20,109.42,109.64,107.85,108.6,108.745,0
Vanguard FTSE All-World UCITS ETF USD Acc,VWRA,2021-04-21,108.17,108.79,107.72,108.79,108.255,0
Vanguard FTSE All-World UCITS ETF USD Acc,VWRA,2021-04-22,109.11,109.28,108.95,109.14,109.11500000000001,0
Vanguard FTSE All-World UCITS ETF USD Acc,VWRA,2021-04-23,108.7,109.65,108.7,109.65,109.17500000000001,0
Vanguard FTSE All-World UCITS ETF USD Acc,VWRA,2021-04-26,109.66,109.95,109.43,109.91,109.69,0
Vanguard FTSE All-World UCITS ETF USD Acc,VWRA,2021-04-27,109.87,109.98,109.53,109.71,109.755,0
Vanguard FTSE All-World UCITS ETF USD Acc,VWRA,2021-04-28,109.81,110.07,109.62,109.92,109.845,0
Vanguard FTSE All-World UCITS ETF USD Acc,VWRA,2021-04-29,110.46,110.65,109.66,109.94,110.155,0
Vanguard FTSE All-World UCITS ETF USD Acc,VWRA,2021-04-30,109.88,109.97,109.12,109.63,109.545,0
Vanguard FTSE All-World UCITS ETF USD Acc,VWRA,2021-05-04,109.47,109.54,107.74,108.82,108.64,0
Vanguard FTSE All-World UCITS ETF USD Acc,VWRA,2021-05-05,108.77,109.34,108.69,109.28,109.015,0
Vanguard FTSE All-World UCITS ETF USD Acc,VWRA,2021-05-06,109.16,111.96,108.62,109.29,110.28999999999999,0
Vanguard FTSE All-World UCITS ETF USD Acc,VWRA,2021-05-07,109.87,110.98,109.67,110.95,110.325,0
Vanguard FTSE All-World UCITS ETF USD Acc,VWRA,2021-05-10,110.92,111.02,110.39,110.71,110.705,0
Vanguard FTSE All-World UCITS ETF USD Acc,VWRA,2021-05-11,109.11,109.74,107.76,109.72,108.75,0
Vanguard FTSE All-World UCITS ETF USD Acc,VWRA,2021-05-12,108.37,108.77,107.3,107.63,108.035,0
Vanguard FTSE All-World UCITS ETF USD Acc,VWRA,2021-05-13,106.63,107.74,105.54,107.4,106.64,0
Vanguard FTSE All-World UCITS ETF USD Acc,VWRA,2021-05-14,108.16,108.95,107.85,108.94,108.4,0
Vanguard FTSE All-World UCITS ETF USD Acc,VWRA,2021-05-17,108.95,109.12,108.44,108.66,108.78,0
Vanguard FTSE All-World UCITS ETF USD Acc,VWRA,2021-05-18,109.77,109.89,109.1,109.61,109.495,0
Vanguard FTSE All-World UCITS ETF USD Acc,VWRA,2021-05-19,108.37,108.38,107.07,107.95,107.725,0
Vanguard FTSE All-World UCITS ETF USD Acc,VWRA,2021-05-20,108.32,109.61,107.71,109.61,108.66,0
Vanguard FTSE All-World UCITS ETF USD Acc,VWRA,2021-05-21,109.63,110.04,109.34,109.64,109.69,0
Vanguard FTSE All-World UCITS ETF USD Acc,VWRA,2021-05-24,109.65,110.38,109.59,110.38,109.985,0
Vanguard FTSE All-World UCITS ETF USD Acc,VWRA,2021-05-25,110.85,110.87,110.25,110.5,110.56,0
Vanguard FTSE All-World UCITS ETF USD Acc,VWRA,2021-05-26,110.71,110.76,110.22,110.55,110.49000000000001,0
Vanguard FTSE All-World UCITS ETF USD Acc,VWRA,2021-05-27,110.15,110.93,110.09,110.64,110.51,0
Vanguard FTSE All-World UCITS ETF USD Acc,VWRA,2021-05-28,110.93,112.11,110.86,112.06,111.485,0
Vanguard FTSE All-World UCITS ETF USD Acc,VWRA,2021-06-01,111.33,112.06,111.22,111.39,111.64,0
Vanguard FTSE All-World UCITS ETF USD Acc,VWRA,2021-06-02,111.16,111.79,111.04,111.79,111.415,0
Vanguard FTSE All-World UCITS ETF USD Acc,VWRA,2021-06-03,111.36,111.43,110.31,111.24,110.87,0
Vanguard FTSE All-World UCITS ETF USD Acc,VWRA,2021-06-04,110.92,111.79,110.69,111.71,111.24000000000001,0
Vanguard FTSE All-World UCITS ETF USD Acc,VWRA,2021-06-07,111.63,111.95,111.28,111.8,111.61500000000001,0
Vanguard FTSE All-World UCITS ETF USD Acc,VWRA,2021-06-08,111.9,112.13,111.49,111.7,111.81,0
Vanguard FTSE All-World UCITS ETF USD Acc,VWRA,2021-06-09,111.82,111.98,111.67,111.82,111.825,0
Vanguard FTSE All-World UCITS ETF USD Acc,VWRA,2021-06-10,111.75,112.28,111.44,112.25,111.86,0
Vanguard FTSE All-World UCITS ETF USD Acc,VWRA,2021-06-11,112.3,112.41,111.95,112.02,112.18,0
Vanguard FTSE All-World UCITS ETF USD Acc,VWRA,2021-06-14,112.35,112.58,112.15,112.35,112.36500000000001,0
Vanguard FTSE All-World UCITS ETF USD Acc,VWRA,2021-06-15,112.81,112.95,112.23,112.41,112.59,0
Vanguard FTSE All-World UCITS ETF USD Acc,VWRA,2021-06-16,112.44,112.51,112.19,112.49,112.35,0
Vanguard FTSE All-World UCITS ETF USD Acc,VWRA,2021-06-17,111.15,111.83,110.96,111.82,111.395,0
Vanguard FTSE All-World UCITS ETF USD Acc,VWRA,2021-06-18,111.41,111.43,109.91,110.6,110.67,0
Vanguard FTSE All-World UCITS ETF USD Acc,VWRA,2021-06-21,109.52,111.01,109.36,110.97,110.185,0
Vanguard FTSE All-World UCITS ETF USD Acc,VWRA,2021-06-22,111.21,111.41,110.74,111.4,111.07499999999999,0
Vanguard FTSE All-World UCITS ETF USD Acc,VWRA,2021-06-23,111.85,112.01,111.4,111.7,111.70500000000001,0
Vanguard FTSE All-World UCITS ETF USD Acc,VWRA,2021-06-24,111.69,112.24,111.66,112.13,111.94999999999999,0
Vanguard FTSE All-World UCITS ETF USD Acc,VWRA,2021-06-25,112.38,112.61,112.24,112.58,112.425,0
Vanguard FTSE All-World UCITS ETF USD Acc,VWRA,2021-06-28,112.59,112.71,112.32,112.38,112.51499999999999,0
Vanguard FTSE All-World UCITS ETF USD Acc,VWRA,2021-06-29,112.39,112.68,112.32,112.6,112.5,0
Vanguard FTSE All-World UCITS ETF USD Acc,VWRA,2021-06-30,112.55,112.75,111.93,112.18,112.34,0
Vanguard FTSE All-World UCITS ETF USD Acc,VWRA,2021-07-01,112.38,112.79,112.07,112.31,112.43,0
Vanguard FTSE All-World UCITS ETF USD Acc,VWRA,2021-07-02,112.46,112.92,112.39,112.88,112.655,0
Vanguard FTSE All-World UCITS ETF USD Acc,VWRA,2021-07-05,112.95,113.22,112.81,113.16,113.015,0
Vanguard FTSE All-World UCITS ETF USD Acc,VWRA,2021-07-06,113.2,113.2,112.16,112.74,112.68,0
Vanguard FTSE All-World UCITS ETF USD Acc,VWRA,2021-07-07,112.76,113.13,112.3,112.79,112.715,0
Vanguard FTSE All-World UCITS ETF USD Acc,VWRA,2021-07-08,112.38,112.38,110.96,111.82,111.66999999999999,0
Vanguard FTSE All-World UCITS ETF USD Acc,VWRA,2021-07-09,111.84,112.99,111.84,112.99,112.41499999999999,0
Vanguard FTSE All-World UCITS ETF USD Acc,VWRA,2021-07-12,113.02,113.45,112.66,113.36,113.055,0
Vanguard FTSE All-World UCITS ETF USD Acc,VWRA,2021-07-13,113.57,113.67,113.08,113.62,113.375,0
Vanguard FTSE All-World UCITS ETF USD Acc,VWRA,2021-07-14,112.95,113.76,112.84,113.3,113.30000000000001,0
Vanguard FTSE All-World UCITS ETF USD Acc,VWRA,2021-07-15,113.27,113.47,112.64,112.9,113.055,0
Vanguard FTSE All-World UCITS ETF USD Acc,VWRA,2021-07-16,112.9,113.2,112.18,112.49,112.69,0
Vanguard FTSE All-World UCITS ETF USD Acc,VWRA,2021-07-19,111.48,112.13,109.69,112.13,110.91,0
Vanguard FTSE All-World UCITS ETF USD Acc,VWRA,2021-07-20,110.64,112.61,110.09,112.53,111.35,0
Vanguard FTSE All-World UCITS ETF USD Acc,VWRA,2021-07-21,111.51,112.48,111.41,112.48,111.945,0
Vanguard FTSE All-World UCITS ETF USD Acc,VWRA,2021-07-22,112.8,112.95,112.57,112.6,112.75999999999999,0
Vanguard FTSE All-World UCITS ETF USD Acc,VWRA,2021-07-23,113.05,113.45,112.93,113.34,113.19,0
Vanguard FTSE All-World UCITS ETF USD Acc,VWRA,2021-07-26,112.85,113.36,112.4,113.33,112.88,0
Vanguard FTSE All-World UCITS ETF USD Acc,VWRA,2021-07-27,112.73,113.02,112.17,112.38,112.595,0
Vanguard FTSE All-World UCITS ETF USD Acc,VWRA,2021-07-28,112.55,113.18,112.43,113.14,112.805,0
Vanguard FTSE All-World UCITS ETF USD Acc,VWRA,2021-07-29,113.52,114.2,113.37,114.2,113.785,0
Vanguard FTSE All-World UCITS ETF USD Acc,VWRA,2021-07-30,112.76,113.56,112.67,113.15,113.11500000000001,0
Vanguard FTSE All-World UCITS ETF USD Acc,VWRA,2021-08-02,113.68,113.98,113.55,113.81,113.765,0
Vanguard FTSE All-World UCITS ETF USD Acc,VWRA,2021-08-03,113.61,113.78,112.87,113.37,113.325,0
Vanguard FTSE All-World UCITS ETF USD Acc,VWRA,2021-08-04,114.13,114.13,113.65,113.8,113.89,0
Vanguard FTSE All-World UCITS ETF USD Acc,VWRA,2021-08-05,114.09,114.36,113.68,114.36,114.02000000000001,0
Vanguard FTSE All-World UCITS ETF USD Acc,VWRA,2021-08-06,114.17,114.34,113.92,114.21,114.13,0
